"","i","v","f","one","two","T"
"25",429,57852,11,"A","AD","ADOLESCENCE"
"26",809,58232,22,"A","AD","ADDICTION"
"27",2637,60060,1,"A","AD","ADAPTA"
"52",150,57573,1,"A","AP","APAQ"
"53",857,58280,13,"A","AP","APUNTS"
"54",1738,59161,0,"A","AP","APERTURE"
"55",2493,59916,1,"A","AP","APES"
"56",2575,59998,8,"A","AP","APPETITE"
"57",4039,61462,2,"A","AP","APMIS"
"58",80,57503,496,"A","AR","ARTHROSCOPY"
"59",615,58038,1,"A","AR","ARRANCADA"
"60",1742,59165,0,"A","AR","ARCHITECTURE"
"61",2792,60215,1,"A","AR","ARTERIOSCLEROSIS"
"62",3806,61229,6,"A","AR","ARZNEIMITTEL-FORSCH"
"63",4087,61510,5,"A","AR","ARTHROSKOPIE"
"64",5358,62781,1,"A","AR","ARTHROSCOPIE"
"65",5420,62843,1,"A","AR","ARBOR"
"66",6198,63621,1,"A","AR","ARXIV171202224"
"200",2028,59451,44,"ADC","ARDICH","ARCH DIS CHILD"
"201",6666,64089,1,"ADC","ARDICH","ARCH DIS CHILD-FETAL"
"226",463,57886,73,"AEF","APEDFI","APUNTS EDUCACION FIS"
"227",2548,59971,2,"AEF","APEDFI","APUNTES EDUCACION FI"
"228",4477,61900,2,"AEF","APEDFI","APUNTS EDUCACIO FISI"
"230",1572,58995,13,"AEFD","APEDFIDE","APUNT EDUC FIS DEPOR"
"231",2547,59970,6,"AEFD","APEDFIDE","APUNTS ED FISICA DEP"
"232",3097,60520,1,"AEFD","APEDFIDE","APUNT ED FISICA DEPO"
"255",2657,60080,29,"AESP","ADEXSOPS","ADV EXP SOC PSYCHOL"
"256",3019,60442,2,"AESP","ADEXSOPS","ADV EXPT SOCIAL PSYC"
"404",831,58254,28,"AJP","AMJPH","AM J PHYSIOL"
"405",1508,58931,13,"AJP","AMJPH","AM J PHYS"
"406",3162,60585,1,"AJP","AMJPH","AM J PHYSIOLREGULING"
"407",4705,62128,1,"AJP","AMJPH","AM J PHYSIOL-RENAL"
"412",387,57810,20,"AJPA","AMJPHAN","AM J PHYS ANTHROPOL"
"413",390,57813,1,"AJPA","AMJPHAN","AM J PHYS ANTHROP-NE"
"414",239,57662,23,"AJPC","AMJPHC","AM J PHYSIOL-HEART C"
"415",5376,62799,1,"AJPC","AMJPHC","AM J PHYSIOL-LUNG C"
"439",51,57474,138,"AJSM","AMJSPME","AM J SPORTS MED"
"440",81,57504,11837,"AJSM","AMJSPME","AM J SPORT MED"
"441",89,57512,85,"AJSM","ASJSPME","ASIAN J SPORTS MED"
"442",3911,61334,5,"AJSM","ASJSPME","ASIA-PAC J SPORT MED"
"446",231,57654,15,"AJSMS","AUJSCMESP","AUSTR J SCI MED SPOR"
"447",1409,58832,52,"AJSMS","AUJSCMESP","AUST J SCI MED SPORT"
"455",658,58081,16,"AK","ACKI","ACTA KINESIOL"
"456",706,58129,12,"AK","ACKI","ACTA KINESIOLOGICA"
"493",664,58087,21,"AMD","ARMEDE","ARCH MED DEPORTE"
"494",1203,58626,5,"AMD","ARMEDE","ARCH MED DEPORT"
"495",2142,59565,1,"AMD","ARMEDE","ARCH MED DEP"
"496",5188,62611,1,"AMD","ARMEDE","ARCHIV MED DEPORTE"
"593",1342,58765,5,"AP","ACPS","ACCION PSICOL"
"594",1563,58986,90,"AP","ACPS","ACTA PSYCHOL"
"595",6278,63701,1,"AP","ACPS","ACCION PSICOLOGICA"
"603",71,57494,8,"AP","ANPS","ANALES PSICOLOGIA"
"604",160,57583,65,"AP","ANPS","AN PSICOL-SPAIN"
"605",2654,60077,3,"AP","ANPS","ANá. PSICOLóGICA"
"606",3196,60619,0,"AP","ANPS","ANU PSICOL"
"607",3510,60933,1,"AP","ANPS","ANAL PSICOLOG"
"608",3876,61299,3,"AP","ANPS","ANAL PSICOL"
"609",5130,62553,2,"AP","ANPS","ANN PSYCHOL"
"647",173,57596,196,"APMR","ARPHMERE","ARCH PHYS MED REHAB"
"648",2841,60264,8,"APMR","ARPHMERE","ARCH PHYS MED REHABIL"
"658",433,57856,137,"APS","ACPHSC","ACTA PHYSIOL SCAND"
"659",4002,61425,5,"APS","ACPHSC","ACTA PHYSL SCAND"
"679",316,57739,13,"AR","ARRH","ARTHRIT RHEUM-ARTHR"
"680",317,57740,32,"AR","ARRH","ARTHRITIS RHEUM"
"681",2565,59988,117,"AR","ARRH","ARTHRITIS RHEUM-US"
"783",2463,59886,1,"ATT","ATTHTO","ATHL THER TODAY"
"784",2465,59888,30,"ATT","ATTHTO","ATHLET THER TODAY"
"785",6291,63714,1,"ATT","ATTHTO","ATHLETIC THERAPY TOD"
"807",245,57668,12,"B","BI","BIOMETRIKA"
"808",378,57801,97,"B","BI","BIOMETRICS"
"809",1215,58638,5,"B","BI","BIOMECHANICS"
"810",1380,58803,1,"B","BI","BIOSTATISTICS"
"811",2764,60187,2,"B","BI","BIOFIZIKA"
"812",3206,60629,1,"B","BI","BIOESSAYS"
"813",3267,60690,1,"B","BI","BIOANALYSIS"
"814",3785,61208,1,"B","BI","BIOGERONTOLOGY"
"815",4704,62127,1,"B","BI","BIOTECHNIQUES"
"816",5417,62840,1,"B","BI","BIOKHIMIYA"
"817",5662,63085,2,"B","BI","BIOINFORMATICS"
"818",5760,63183,1,"B","BI","BIOFOULING"
"819",6351,63774,1,"B","BI","BIOMATERIALS"
"820",6809,64232,1,"B","BI","BIORHEOLOGY"
"823",766,58189,110,"B","BO","BONE"
"824",5742,63165,1,"B","BO","BORDON"
"853",268,57691,2,"BC","BRCO","BRAIN CONNECT"
"854",671,58094,20,"BC","BRCO","BRAIN COGNITION"
"933",111,57534,82,"BJN","BRJNU","BRIT J NUTR"
"934",2121,59544,4,"BJN","BRJNU","BR J NUTR"
"935",5738,63161,1,"BJN","BRJNU","BR J NURS"
"946",243,57666,44,"BJP","BRJPS","BRIT J PSYCHOL"
"947",6651,64074,1,"BJP","BRJPS","BRIT J PSYCHIAT"
"963",50,57473,184,"BJSM","BRJSPME","BR J SPORTS MED"
"964",69,57492,4098,"BJSM","BRJSPME","BRIT J SPORT MED"
"965",327,57750,1,"BJSM","BRJSPME","BRITISCH J SPORTS ME"
"966",3823,61246,1,"BJSM","BRJSPME","BRIT J SPORTS MED"
"995",222,57645,372,"BMJ","BRMEJ","BRIT MED J"
"996",700,58123,1,"BMJ","BRMEJ","BRATISL MED J"
"997",1585,59008,1,"BMJ","BRMEJ","BR MED J"
"1058",297,57720,336,"BS","BISP","BIOL SPORT"
"1059",1142,58565,3,"BS","BISP","BIOMECHANICS SPORTS"
"1060",4373,61796,1,"BS","BISP","BIOMECHANIK SPORTART"
"1099",825,58248,90,"C","CI","CIRCULATION"
"1100",999,58422,2,"C","CI","CITIES"
"1101",3517,60940,3,"C","CI","CINESIOLOGIE"
"1102",5482,62905,1,"C","CI","CINERGIS"
"1103",1604,59027,21,"C","CL","CLINICS"
"1104",2349,59772,2,"C","CL","CLIMACTERIC"
"1105",4867,62290,5,"C","CL","CLIN"
"1107",579,58002,13,"C","CO","CONEXOES"
"1108",1440,58863,6,"C","CO","CORPOCONSCIENCIA"
"1109",2043,59466,11,"C","CO","COGNITION"
"1110",3312,60735,2,"C","CO","CONTRACEPTION"
"1111",3520,60943,8,"C","CO","CORTEX"
"1112",3828,61251,2,"C","CO","COMPUTER"
"1113",4683,62106,1,"C","CO","CORR"
"1114",4953,62376,4,"C","CO","CONSTRAINTS"
"1115",5821,63244,1,"C","CO","COMMUNICATIONS"
"1126",167,57590,674,"CA","COAN","COLLEGIUM ANTROPOL"
"1127",201,57624,23,"CA","COAN","COLL ANTROPOL"
"1128",6074,63497,1,"CA","COAN","CORRESPONDENCE ANAL"
"1147",193,57616,1191,"CB","CLBI","CLIN BIOMECH"
"1148",829,58252,7,"CB","CLBI","CLIN BIOCHEM"
"1165",1100,58523,30,"CC","CLCH","CLIN CHEM"
"1166",4063,61486,2,"CC","CLCH","CLIMATIC CHANGE"
"1179",410,57833,12,"CCD","CUCIDE","CULTURA CIENCIA DEPO"
"1180",584,58007,34,"CCD","CUCIDE","CULT CIENC DEPORTE"
"1285",1934,59357,96,"CI","CHIN","CHRONOBIOL INT"
"1286",5558,62981,1,"CI","CHIN","CHEM-BIOL INTERACT"
"1341",703,58126,54,"CJSS","CAJSPSC","CAN J SPORT SCI"
"1342",1435,58858,2,"CJSS","CAJSPSC","CANADIAN J SPORT SCI"
"1343",2905,60328,1,"CJSS","CAJSPSC","CANADIAN J SPORTS SC"
"1380",634,58057,19,"CN","CLNE","CLIN NEUROPHYSIOL"
"1381",4022,61445,1,"CN","CLNE","CLIN NEUROSURG"
"1382",4242,61665,2,"CN","CLNE","CLIN NEPHROL"
"1383",5632,63055,4,"CN","CLNE","CLIN NEUROPSYCHOL"
"1419",540,57963,21,"COP","CUOPPS","CURR OPIN PSYCHOL"
"1420",816,58239,5,"COP","CUOPPS","CURR OPIN PSYCHIATR"
"1436",1159,58582,17,"CP","COPS","COGNITIVE PSYCHOL"
"1437",1448,58871,1,"CP","COPS","COMPR PSYCHOL"
"1438",2069,59492,6,"CP","COPS","COUNS PSYCHOL"
"1439",3941,61364,0,"CP","COPS","COGENT PSYCHOL"
"1440",5508,62931,3,"CP","COPS","COMPR PSYCHIAT"
"1441",1686,59109,2,"CP","CUPS","CURR PSYCHOL"
"1442",1740,59163,22,"CP","CUPS","CUADERNOS PSICOLOGIA"
"1443",5108,62531,1,"CP","CUPS","CURRENT PSYCHOLOGY"
"1502",1494,58917,22,"CRM","CUREMU","CURR REV MUSCULOSKE"
"1503",6414,63837,1,"CRM","CUREMU","CURR REV MUSCULOSKEL"
"1528",179,57602,286,"CSM","CLSPME","CLIN SPORT MED"
"1529",765,58188,16,"CSM","CLSPME","CLIN SPORTS MED"
"1535",446,57869,56,"CSMR","CUSPMERE","CURR SPORT MED REP"
"1536",843,58266,28,"CSMR","CUSPMERE","CURR SPORTS MED REP"
"1657",958,58381,5,"DP","DEPS","DEV PSYCHOPATHOL"
"1658",1691,59114,27,"DP","DEPS","DEV PSYCHOL"
"1659",6386,63809,2,"DP","DEPS","DEV PSYCHOBIOL"
"1665",1423,58846,27,"DR","DERE","DEV REV"
"1666",3274,60697,1,"DR","DERE","DERMATOL REV"
"1667",788,58211,18,"DR","DIRE","DISABIL REHABIL"
"1668",1632,59055,1,"DR","DIRE","DIABETES-METAB RES"
"1669",6070,63493,1,"DR","DIRE","DISABIL REHABIL-ASSI"
"1695",49,57472,16,"DZS","DTZSP","DTSCH Z SPORTMED"
"1696",385,57808,2,"DZS","DTZSP","DT Z SPORTMED"
"1697",1243,58666,2,"DZS","DTZSP","DTSCH Z SPORTSMED"
"1698",1902,59325,5,"DZS","DTZSP","DTSCH Z SPORTMEDIZIN"
"1699",6579,64002,2,"DZS","DTZSP","DT Z SPORTMEDIZIN"
"1710",1730,59153,35,"E","EM","EMOTION"
"1711",4895,62318,1,"E","EM","EMERGENCE"
"1712",1709,59132,1,"E","EN","ENTROPY-SWITZ"
"1713",2387,59810,18,"E","EN","ENDOCRINOLOGY"
"1714",2867,60290,2,"E","EN","ENFANCE"
"1715",4614,62037,1,"E","EN","ENSENANZA"
"1716",5006,62429,4,"E","EN","ENCEPHALE"
"1717",5675,63098,1,"E","EN","ENDOCRINOLOGIE"
"1721",254,57677,100,"E","ER","ERGONOMICS"
"1722",6583,64006,2,"E","ER","ERFAHRUNGSHEILKUNDE"
"1769",257,57680,173,"EBR","EXBRRE","EXP BRAIN RES"
"1770",4635,62058,1,"EBR","EXBRRE","EXP BR RES"
"1786",1502,58925,5,"ECN","ELCLNE","ELECTROMYOGR CLIN NEUROPHYSIOL"
"1787",1544,58967,15,"ECN","ELCLNE","ELECTROEN CLIN NEURO"
"1788",4534,61957,1,"ECN","ELCLNE","ELECTROMYO CLIN NEUR"
"1861",29,57452,867,"EJAP","EUJAPPH","EUR J APPL PHYSIOL"
"1862",746,58169,10,"EJAP","EUJAPPH","EUR J APPL PHYSL"
"1863",5372,62795,1,"EJAP","EUJAPPH","EUROPEAN J APPL PHYS"
"1890",861,58284,35,"EJHM","EUJHUMO","EUR J HUM MOV"
"1891",2235,59658,4,"EJHM","EUJHUMO","EUROPEAN J HUMAN MOV"
"1899",292,57715,2,"EJN","EUJNE","EUR J NEUROL"
"1900",633,58056,20,"EJN","EUJNE","EUR J NEUROSCI"
"1914",1337,58760,20,"EJP","EUJPE","EUR J PEDIATR"
"1915",2611,60034,10,"EJP","EUJPE","EUR J PERSONALITY"
"1940",299,57722,615,"EJSS","EUJSPSC","EUR J SPORT SCI"
"1941",963,58386,8,"EJSS","EUJSPSC","EUROPEAN J SPORT SCI"
"1942",3034,60457,2,"EJSS","EUJSPSC","EUROPEAN J SPORTS SC"
"1994",2293,59716,1,"EP","EDPS","ED PSYCHOL"
"1995",2666,60089,3,"EP","EDPS","EDUC PSYCHOL-UK"
"1996",3154,60577,12,"EP","EDPS","EDUC PSYCHOL-US"
"1997",3638,61061,4,"EP","EDPS","EDUC PSYCHOL"
"2017",425,57848,85,"EPER","EUPHEDRE","EUR PHYS EDUC REV"
"2018",530,57953,35,"EPER","EUPHEDRE","EUROPEAN PHYSICAL EDUCATION REVIEW"
"2019",2211,59634,4,"EPER","EUPHEDRE","EUROPEAN PHYS ED REV"
"2055",904,58327,18,"ERR","EDRERE","EDUC RES REV-NETH"
"2056",4356,61779,2,"ERR","EDRERE","ED RES REV"
"2192",95,57518,43,"FRBM","FRRABIME","FREE RADICAL BIO MED"
"2193",4570,61993,1,"FRBM","FRRABIME","FREE RADIC BIOL MED"
"2329",343,57766,1,"H","HA","HANDBALLMAGAZIN"
"2330",345,57768,13,"H","HA","HANDBALLTRAINING"
"2331",568,57991,5,"H","HA","HANDBALL"
"2332",1459,58882,3,"H","HA","HANDBALTRAINING"
"2333",1801,59224,1,"H","HA","HAEMOPHILIA"
"2334",3797,61220,1,"H","HA","HANDBALLSCHIEDSRICHT"
"2335",4265,61688,2,"H","HA","HAND"
"2336",5720,63143,1,"H","HA","HAMOSTASEOLOGIE"
"2337",6312,63735,1,"H","HA","HACETTEPE"
"2338",673,58096,2,"H","HE","HEALTH"
"2339",1114,58537,1,"H","HE","HEILPADAGOGIK"
"2340",1397,58820,2,"H","HE","HEKADEMOS"
"2341",1760,59183,12,"H","HE","HEART"
"2342",3004,60427,4,"H","HE","HERZ"
"2343",3084,60507,1,"H","HE","HEADACHE"
"2344",3214,60637,1,"H","HE","HERMES-PARIS"
"2345",4073,61496,1,"H","HE","HEALTHMED"
"2353",2179,59602,26,"H","HY","HYPERTENSION"
"2354",3656,61079,1,"H","HY","HYGEIA"
"2436",226,57649,395,"HMS","HUMOSC","HUM MOVEMENT SCI"
"2437",2979,60402,2,"HMS","HUMOSC","HUMAN MOVEMENT SCI"
"2469",2919,60342,16,"HR","HURE","HUM RELAT"
"2470",3305,60728,7,"HR","HURE","HUM REPROD"
"2523",1780,59203,26,"I","IN","INJURY"
"2524",2049,59472,1,"I","IN","INVOLVE"
"2525",2379,59802,1,"I","IN","INFOCOES"
"2526",2984,60407,3,"I","IN","INSIGHT"
"2527",3260,60683,1,"I","IN","INFORMACIOPSICOLOGIC"
"2528",3468,60891,1,"I","IN","INTRODUZIONE"
"2529",3692,61115,1,"I","IN","INT"
"2530",6197,63620,1,"I","IN","INTERFACES"
"2531",6642,64065,2,"I","IN","INTELLIGENCE"
"2648",2029,59452,19,"IJC","INJCA","INT J CARDIOL"
"2649",2828,60251,1,"IJC","INJCA","INT J CANCER"
"2854",517,57940,49,"IJSB","INJSPBI","INT J SPORT BIOMECH"
"2855",577,58000,2,"IJSB","INJSPBI","INT J SPORT BIOMECHA"
"2856",2982,60405,1,"IJSB","INJSPBI","INT J SPORTS BIOMECH"
"2879",57,57480,2469,"IJSM","INJSPME","INT J SPORTS MED"
"2880",2714,60137,3,"IJSM","INJSPME","INT J SPORT MED"
"2890",136,57559,1,"IJSP","INJSPPS","INT J SPORTS PSYCHOL"
"2891",139,57562,378,"IJSP","INJSPPS","INT J SPORT PSYCHOL"
"2892",2652,60075,1,"IJSP","INJSPPS","INT J SPORT PSYCOL"
"2908",59,57482,270,"IJSSC","INJSPSCCO","INT J SPORTS SCI COA"
"2909",669,58092,9,"IJSSC","INJSPSCCO","INT J SPORT SCI COAC"
"2960",1074,58497,40,"IP","INPR","INJURY PREV"
"2961",1810,59233,9,"IP","INPR","INJ PREV"
"2962",6447,63870,0,"IP","INPR","INTED PROC"
"3005",120,57543,24,"ISJ","INSPJ","INT SPORTMED J"
"3006",3169,60592,14,"ISJ","INSPJ","INT SPORTS J"
"3007",4546,61969,1,"ISJ","INSPJ","INT SPORT J"
"3013",298,57721,250,"ISP","INSPPH","INTJ SPORT PHYSIOL"
"3014",648,58071,4,"ISP","INSPPH","INQUIRIES SPORT PHYS"
"3028",1272,58695,30,"ITBE","IETBIEN","IEEE T BIO-MED ENG"
"3029",5920,63343,1,"ITBE","IETBIEN","IEEE T BIOMED ENG"
"3089",310,57733,112,"JAAOS","JAMACORSU","J AM ACAD ORTHOP SURG"
"3090",443,57866,58,"JAAOS","JAMACORSU","J AM ACAD ORTHOP SUR"
"3091",351,57774,496,"JAB","JAPBI","J APPL BIOMECH"
"3092",5367,62790,1,"JAB","JAPBI","J APP BIOMECH"
"3093",5432,62855,1,"JAB","JAPBI","J APPL BIOMECHANICS"
"3173",1190,58613,4,"JASC","JAUSTCO","J AUSTR STRENGTH CON"
"3174",2036,59459,16,"JASC","JAUSTCO","J AUST STRENGTH COND"
"3175",4244,61667,6,"JASC","JAUSTCO","J AUS STRENGTH COND"
"3176",753,58176,19,"JASE","JAMSOEC","J AM SOC ECHOCARDIOG"
"3177",5974,63397,1,"JASE","JAMSOEC","J AM SOC ECHOCARDIOGR"
"3184",156,57579,328,"JASP","JAPSPPS","J APPL SPORT PSYCHOL"
"3185",4409,61832,2,"JASP","JAPSPPS","J APPLIED SPORT PSYC"
"3189",369,57792,91,"JASSR","JAPSPSCRE","J APPL SPORT SCI RES"
"3190",6201,63624,1,"JASSR","JAPSPSCRE","J APPL SPORTS SCI RE"
"3195",360,57783,1508,"JAT","JATTR","J ATHL TRAINING"
"3196",3407,60830,19,"JAT","JATTR","J ATHL TRAIN"
"3203",192,57615,1484,"JB","JBI","J BIOMECH"
"3204",3563,60986,1,"JB","JBI","J BIOMECHNAICS"
"3414",560,57983,291,"JEK","JELKI","J ELECTROMYOGR KINES"
"3415",2114,59537,11,"JEK","JELKI","J ELECTROMYOGR KINESIOL"
"3416",4536,61959,1,"JEK","JELKI","J ELECTROMYOGR KIESI"
"3437",489,57912,87,"JEP","JEXPS","J EXP PSYCHOL-APPL"
"3438",535,57958,18,"JEP","JEXPS","J EXP PSYCHOL"
"3439",4095,61518,1,"JEP","JEXPS","J EXP PSYCHOPATHOL"
"3441",972,58395,81,"JEPH","JEXPSHU","J EXP PSYCHOL HUMAN"
"3442",1564,58987,1,"JEPH","JEXPSHU","J EXPT PSYCHOL HUMAN"
"3444",2038,59461,33,"JEPL","JEXPSLE","J EXP PSYCHOL LEARN"
"3445",4554,61977,1,"JEPL","JEXPSLE","J EXPT PSYCHOL LEARN"
"3522",127,57550,1014,"JHK","JHUKI","J HUM KINET"
"3523",1120,58543,5,"JHK","JHUKI","J HUMAN KINETICS"
"3524",1505,58928,6,"JHK","JHUKI","J HUM KINETICS"
"3527",177,57600,194,"JHMS","JHUMOST","J HUM MOVEMENT STUD"
"3528",761,58184,17,"JHMS","JHUMOST","J HUMAN MOVEMENT STU"
"3538",260,57683,49,"JHS","JHASU","J HAND SURG-AM"
"3539",5519,62942,2,"JHS","JHASU","J HAND SURG-ASIAN-PA"
"3548",124,57547,28,"JHSE","JHUSPEX","J HUMAN SPORT EXERCI"
"3549",350,57773,114,"JHSE","JHUSPEX","J HUM SPORT EXERC"
"3550",1379,58802,1,"JHSE","JHUSPEX","J HUMAN SPORT EXERC"
"3551",2318,59741,1,"JHSE","JHUSPEX","J HUM SPORT EXERCISE"
"3652",1373,58796,36,"JM","JMA","J MANAGE"
"3653",3729,61152,8,"JM","JMA","J MARKETING"
"3722",255,57678,39,"JN","JNE","J NEUROSCI"
"3723",256,57679,121,"JN","JNE","J NEUROPHYSIOL"
"3724",1769,59192,6,"JN","JNE","J NEUROL"
"3725",1911,59334,9,"JN","JNE","J NEUROTRAUM"
"3726",1916,59339,7,"JN","JNE","J NEUROSURG"
"3727",2956,60379,2,"JN","JNE","J NEUROCHEM"
"3728",3150,60573,1,"JN","JNE","J NEUROTHERAPY"
"3729",5380,62803,1,"JN","JNE","J NEURO-OPHTHALMOL"
"3730",5497,62920,1,"JN","JNE","J NEUROBIOL"
"3731",5502,62925,2,"JN","JNE","J NEUROSURG-SPINE"
"3732",5970,63393,1,"JN","JNE","J NEUROENDOCRINOL"
"3733",6561,63984,1,"JN","JNE","J NEUROSURG-PEDIATR"
"3734",6645,64068,1,"JN","JNE","J NEUROIMAGING"
"3827",557,57980,408,"JOR","JORRE","J ORTHOPAED RES"
"3828",559,57982,328,"JOR","JORRE","J ORTHOP RES"
"3829",4780,62203,10,"JOR","JORRE","J ORAL REHABIL"
"3838",1025,58448,8,"JOS","JORSC","J ORAL SCI"
"3839",1051,58474,34,"JOS","JORSC","J ORTHOP SCI"
"3843",241,57664,104,"JOSB","JOOFSPBE","JOURNAL OF SPORT BEHAVIOR"
"3844",4639,62062,1,"JOSB","JOOFSPBE","JOURNAL OF SPORT BEHAVIOUR"
"3851",82,57505,1053,"JOSP","JORSPPH","J ORTHOP SPORT PHYS"
"3852",4187,61610,2,"JOSP","JORSPPH","J ORTHOP SPORTS PHYS"
"3869",333,57756,50,"JP","JPE","J PEDIATR-US"
"3870",1197,58620,18,"JP","JPE","J PERS"
"3871",3557,60980,3,"JP","JPE","J PEDIAT-BRAZIL"
"3872",4130,61553,1,"JP","JPE","J PERIODONTOL"
"3873",1099,58522,203,"JP","JPH","J PHYSIOL-LONDON"
"3874",1329,58752,8,"JP","JPH","J PHYSL"
"3875",1660,59083,8,"JP","JPH","J PHYSIOTHER"
"3876",5239,62662,2,"JP","JPH","J PHYSIOL-PARIS"
"3880",631,58054,2,"JP","JPS","J PSYCHOPHYSIOL"
"3881",1541,58964,16,"JP","JPS","J PSYCHOL"
"3882",3618,61041,2,"JP","JPS","J PSYCHOPHARMACOL"
"3902",1322,58745,18,"JPE","JPOEC","J POLIT ECON"
"3903",3245,60668,2,"JPE","JPOEC","J POLITICAL EC"
"3907",1536,58959,8,"JPER","JPHEDRE","J PHYS ED RECREATION"
"3908",1983,59406,18,"JPER","JPHEDRE","J PHYS EDUC RECREAT"
"3909",2094,59517,5,"JPER","JPHEDRE","J PHYSICAL ED RECREA"
"3910",3967,61390,1,"JPER","JPHEDRE","J PHYS ED RECREATIO"
"3911",4355,61778,1,"JPER","JPHEDRE","J PHYS ED REC"
"3914",332,57755,79,"JPES","JPHEDSP","J PHYS ED SPORT"
"3915",3709,61132,1,"JPES","JPHEDSP","J PHYS ED SPOR"
"3916",4032,61455,1,"JPES","JPHEDSP","J PHYS ED SPORTS"
"3967",1163,58586,21,"JPR","JPSRE","J PSYCHOSOM RES"
"3968",2667,60090,1,"JPR","JPSRE","J PSYCHIAT RES"
"3969",3213,60636,6,"JPR","JPSRE","J PSYCHIATR RES"
"4029",242,57665,62,"JSB","JSPBE","J SPORT BEHAV"
"4030",2925,60348,6,"JSB","JSPBE","J SPORT BEHAVIOR"
"4031",4806,62229,1,"JSB","JSPBE","J SPORT BEH"
"4045",1091,58514,63,"JSE","JSPEC","J SPORT ECON"
"4046",2217,59640,3,"JSE","JSPEC","J SPORTS EC"
"4049",319,57742,712,"JSEP","JSPEXPS","J SPORT EXERCISE PSY"
"4050",5574,62997,1,"JSEP","JSPEXPS","J SPORT EXE PSYCHOL"
"4051",85,57508,257,"JSES","JSHELSU","J SHOULDER ELB SURG"
"4052",227,57650,31,"JSES","JSHELSU","J SHOULDER ELBOW SURG"
"4070",452,57875,21,"JSM","JSPME","J SPORTS MED"
"4071",3026,60449,1,"JSM","JSPME","J SPIRTPIRTS MED"
"4074",55,57478,1591,"JSMPF","JSPMEPHFI","J SPORT MED PHYS FIT"
"4075",261,57684,10,"JSMPF","JSPMEPHFI","J SPORTS MED PHYS FITNESS"
"4076",980,58403,13,"JSMPF","JSPMEPHFI","J SPORTS MED PHYS FI"
"4081",3598,61021,41,"JSOA","JSOORAS","J SO ORTHOP ASS"
"4082",6178,63601,2,"JSOA","JSOORAS","J SOUTH ORTHOP ASSOC"
"4100",536,57959,308,"JSR","JSPRE","J SPORT REHABIL"
"4101",3339,60762,1,"JSR","JSPRE","J SPORTS RES"
"4102",6629,64052,1,"JSR","JSPRE","J SPORT RES"
"4108",66,57489,3359,"JSS","JSPSC","J SPORT SCI"
"4109",437,57860,63,"JSS","JSPSC","J SPORTS SCI"
"4115",61,57484,1210,"JSSM","JSPSCME","J SPORT SCI MED"
"4116",1213,58636,17,"JSSM","JSPSCME","J SPORTS SCI MED"
"4126",3476,60899,24,"JT","JTR","J TRAUMA"
"4127",3487,60910,1,"JT","JTR","J TRAINOLOGY"
"4128",5357,62780,2,"JT","JTR","J TRAUM"
"4141",37,57460,233,"JTPE","JTEPHED","J TEACH PHYS EDUC"
"4142",2457,59880,3,"JTPE","JTEPHED","J TEACHING PHYS ED"
"4193",36,57459,5,"K","KI","KINESIS"
"4194",119,57542,22,"K","KI","KINEZIOLOGIJA"
"4195",342,57765,377,"K","KI","KINESIOLOGY"
"4196",512,57935,4,"K","KI","KINEZIOLOGY"
"4197",2122,59545,4,"K","KI","KINANTHROPOMETRY"
"4198",2787,60210,1,"K","KI","KINESIOLOGIA"
"4199",3500,60923,1,"K","KI","KINANTROPOLOGICA"
"4251",206,57629,47,"KS","KISL","KINESIOL SLOVEN"
"4252",1144,58567,4,"KS","KISL","KINESIOLOGIA SLOVENI"
"4253",4636,62059,1,"KS","KISL","KINESIOL SLOV"
"4254",6305,63728,1,"KS","KISL","KINESIOL SLOVENICA"
"4267",782,58205,2,"L","LA","LARYNGOSCOPE"
"4268",823,58246,130,"L","LA","LANCET"
"4269",1241,58664,7,"L","LA","LAKARTIDNINGEN"
"4270",1876,59299,20,"L","LA","LATERALITY"
"4271",3768,61191,1,"L","LA","LANCET."
"4272",4507,61930,2,"L","LA","LAEKNABLADID"
"4273",4901,62324,1,"L","LA","LANGUAGE"
"4274",5791,63214,1,"L","LA","LACROSSE"
"4275",6681,64104,1,"L","LA","LAIT"
"4276",324,57747,52,"L","LE","LEISTUNGSSPORT"
"4277",1216,58639,4,"L","LE","LEISTUNGSPORT"
"4278",1458,58881,2,"L","LE","LESISTUNGSSPORT"
"4279",4979,62402,1,"L","LE","LEADERSHIP-LONDON"
"4280",5668,63091,1,"L","LE","LEICHTATHLETIKTRAINI"
"4366",382,57805,9,"M","ME","MEDICINA-LITHUANIA"
"4367",554,57977,28,"M","ME","METABOLISM"
"4368",2295,59718,4,"M","ME","MEMORY"
"4369",2583,60006,4,"M","ME","MEDICINE"
"4370",3076,60499,2,"M","ME","MENOPAUSE"
"4371",3345,60768,1,"M","ME","MEDGENMED"
"4372",3989,61412,0,"M","ME","MECKA"
"4373",4072,61495,1,"M","ME","MEDICUS"
"4374",4430,61853,2,"M","ME","METHODOLOGY-EUR"
"4375",4627,62050,1,"M","ME","METODOLOGIA"
"4376",5061,62484,1,"M","ME","METHODS"
"4377",5104,62527,1,"M","ME","MEDICINA"
"4378",5164,62587,2,"M","ME","MEASUREMENT"
"4382",40,57463,19,"M","MO","MOTRI."
"4383",42,57465,55,"M","MO","MOTRIZ"
"4384",135,57558,0,"M","MO","MONTANA"
"4385",466,57889,9,"M","MO","MOTRICIDADE"
"4386",1045,58468,11,"M","MO","MOTRIVIVENCIA"
"4387",1121,58544,5,"M","MO","MOTRICIDAD"
"4388",1405,58828,3,"M","MO","MOVIMENTO"
"4389",2476,59899,1,"M","MO","MOUVEMENT"
"4390",2622,60045,1,"M","MO","MONOGRAPHY"
"4391",5185,62608,1,"M","MO","MOTORIK"
"4517",563,57986,53,"MJS","MOJSP","MONTENEGRIN J SPORT"
"4518",858,58281,1,"MJS","MOJSP","MONTENEGRIN J SPORTS"
"4542",451,57874,3,"MM","MIME","MINN MED"
"4543",2769,60192,24,"MM","MIME","MIL MED"
"4544",6274,63697,1,"MM","MIME","MINERVA MED"
"4621",56,57479,48,"MS","MESP","MED SPORT"
"4622",3275,60698,1,"MS","MESP","MED SPORTIVA"
"4623",6354,63777,1,"MS","MESP","MEDICINA SPORTA"
"4643",1006,58429,32,"MSS","MESPSC","MED SPORT SCI"
"4644",6118,63541,1,"MSS","MESPSC","MED SPORTS SCI"
"4648",98,57521,3785,"MSSE","MESCSPEX","MED SCI SPORT EXER"
"4649",549,57972,56,"MSSE","MESCSPEX","MED SCI SPORTS EXERC"
"4650",571,57994,3,"MSSE","MESCSPEX","MED SCI SPORTS EXER"
"4651",573,57996,1,"MSSE","MESCSPEX","MED SCI SPORTS EXCER"
"4652",2319,59742,2,"MSSE","MESCSPEX","MED SCI SPORT EXERCI"
"4659",855,58278,75,"MT","MATH","MANUAL THER"
"4660",2106,59529,2,"MT","MATH","MANUELLE THER"
"4661",3525,60948,5,"MT","MATH","MAN THER"
"4662",5701,63124,1,"MT","MATH","MANUELLE THERAPIE"
"4680",270,57693,77,"N","NA","NATURE"
"4681",1964,59387,6,"N","NA","NATURWISSENSCHAFTEN"
"4682",6481,63904,3,"N","NA","NAPREDAK"
"4683",263,57686,71,"N","NE","NEUROIMAGE"
"4684",265,57688,47,"N","NE","NEUROPSYCHOLOGIA"
"4685",272,57695,13,"N","NE","NEURON"
"4686",283,57706,39,"N","NE","NEUROLOGY"
"4687",290,57713,26,"N","NE","NEUROSCIENCE"
"4688",635,58058,12,"N","NE","NEUROREPORT"
"4689",1913,59336,17,"N","NE","NEUROSURGERY"
"4690",2166,59589,1,"N","NE","NEUROCHIRURGIE"
"4691",2249,59672,2,"N","NE","NEUROCOMPUTING"
"4692",2849,60272,2,"N","NE","NEUROENDOCRINOLOGY"
"4693",3193,60616,6,"N","NE","NEUROREHABILITATION"
"4694",3268,60691,1,"N","NE","NEUROPSYCHIATRY"
"4695",3320,60743,2,"N","NE","NEUROIMMUNOMODULAT"
"4696",4021,61444,1,"N","NE","NEUROCHIRURGIA"
"4697",4262,61685,1,"N","NE","NEUROCIRUGIA"
"4698",4350,61773,3,"N","NE","NEUROPSYCHOLOGY"
"4699",4401,61824,2,"N","NE","NERVENARZT"
"4700",4888,62311,2,"N","NE","NEWS"
"4701",4906,62329,1,"N","NE","NEUROLOGIST"
"4702",5013,62436,2,"N","NE","NEUROSCIENTIST"
"4703",5382,62805,1,"N","NE","NEURORADIOLOGY"
"4704",5395,62818,2,"N","NE","NEUROPSYCHOBIOLOGY"
"4705",5917,63340,3,"N","NE","NEURO-OPHTHALMOLOGY"
"4706",5923,63346,1,"N","NE","NEUROETHICS-NETH"
"4707",6608,64031,1,"N","NE","NEUROIMMUNE"
"4708",6695,64118,1,"N","NE","NEWSLAB"
"4709",6758,64181,1,"N","NE","NEUROPSYCHOPHARMACOL"
"4713",1001,58424,26,"N","NU","NUTRITION"
"4714",1171,58594,18,"N","NU","NUTRIENTS"
"4715",3454,60877,1,"N","NU","NUNCIUS"
"4716",4283,61706,1,"N","NU","NUTRIRE"
"4780",252,57675,89,"NL","NELE","NEUROSCI LETT"
"4781",2255,59678,4,"NL","NELE","NEUROENDOCRINOL LETT"
"4836",1777,59200,25,"NRN","NARENE","NAT REV NEUROSCI"
"4837",1914,59337,2,"NRN","NARENE","NAT REV NEUROL"
"4886",556,57979,441,"O","OR","ORTHOPEDICS"
"4887",1495,58918,26,"O","OR","ORTHOPADE"
"4888",4519,61942,1,"O","OR","ORBIT"
"4889",6787,64210,1,"O","OR","ORTHOPAEDICS"
"4894",221,57644,50,"OAJS","OPACJSP","OPEN ACCESS J SPORTS"
"4895",6462,63885,1,"OAJS","OPACJSP","OPEN ACCESS J SPORT"
"4964",802,58225,17,"OR","OBRE","OBES REV"
"4965",1289,58712,14,"OR","OBRE","OBES RES"
"4993",1079,58502,18,"OT","ORTR","ORTHOP TRAUMATOL-SUR"
"4994",3526,60949,2,"OT","ORTR","ORTOPEDIA TRAUMATOLO"
"5010",510,57933,29,"P","PA","PAIN"
"5011",1264,58687,0,"P","PA","PATHOLOGIA"
"5012",1759,59182,2,"P","PA","PACE"
"5013",3056,60479,1,"P","PA","PATHOPHYSIOLOGY"
"5014",3922,61345,1,"P","PA","PATHOLOGY"
"5015",4395,61818,1,"P","PA","PARAPLEGIA"
"5016",735,58158,0,"P","PE","PEDAGOGIKA"
"5017",795,58218,83,"P","PE","PEDIATRICS"
"5018",885,58308,57,"P","PE","PERCEPTION"
"5019",1786,59209,2,"P","PE","PEERJ"
"5020",2937,60360,4,"P","PE","PEPTIDES"
"5021",4841,62264,1,"P","PE","PEDIATRIE"
"5022",6184,63607,1,"P","PE","PERSONNEL"
"5023",6537,63960,1,"P","PE","PEDIATRIA-ASUNCION"
"5043",376,57799,120,"P","PS","PSICOTHEMA"
"5044",381,57804,6,"P","PS","PSYCHOL"
"5045",636,58059,8,"P","PS","PSYCHOPHYSIOLOGY"
"5046",1036,58459,10,"P","PS","PSICOLOGICA"
"5047",1370,58793,31,"P","PS","PSYCHONEUROENDOCRINO"
"5048",1419,58842,19,"P","PS","PSYCHOMETRIKA"
"5049",1511,58934,4,"P","PS","PSYCHOLOGIST"
"5050",2135,59558,1,"P","PS","PSYCHOTHERAPY"
"5051",2473,59896,1,"P","PS","PSICOLOGIA"
"5052",2505,59928,1,"P","PS","PSICO-USF"
"5053",3194,60617,1,"P","PS","PSICOGENTE"
"5054",3969,61392,2,"P","PS","PSYCHIATR"
"5055",4029,61452,3,"P","PS","PSYCHO-ONCOLOGY"
"5056",4553,61976,1,"P","PS","PSYCHOBIOLOGY"
"5057",4986,62409,1,"P","PS","PSIHOLOGIE"
"5058",5063,62486,1,"P","PS","PSYCHOLOGICA"
"5059",5246,62669,4,"P","PS","PSYCHOPHARMACOLOGY"
"5060",5727,63150,1,"P","PS","PSYCHIATRY"
"5061",6432,63855,1,"P","PS","PSYCHOPATHOLOGY"
"5170",62,57485,9,"PE","PHED","PHYS EDUC"
"5171",413,57836,16,"PE","PHED","PHYS EDUC-US"
"5172",645,58068,2,"PE","PHED","PHYSICAL ED"
"5173",2550,59973,1,"PE","PHED","PHSICAL EDUCATOR"
"5195",236,57659,5,"PES","PHEDSP","PHYS ED SPORTS"
"5196",574,57997,19,"PES","PHEDSP","PHYS ED SPORT"
"5201",163,57586,140,"PESP","PHEDSPPE","PHYS EDUC SPORT PEDA"
"5202",6114,63537,2,"PESP","PHEDSPPE","PHYS ED SPORT PEDAGO"
"5277",691,58114,10,"PM","PSME","PSYCHOL MED"
"5278",1427,58850,18,"PM","PSME","PSYCHOSOM MED"
"5279",2294,59717,17,"PM","PSME","PSYCHOL METHODS"
"5280",3936,61359,1,"PM","PSME","PSYCHOSOC MED"
"5281",4128,61551,1,"PM","PSME","PSYCHIATR MED"
"5331",379,57802,1,"PP","PEPS","PERFORMANCE PSYCHOL"
"5332",957,58380,14,"PP","PEPS","PERS PSYCHOL"
"5333",2039,59462,30,"PP","PEPS","PERCEPT PSYCHOPHYS"
"5367",108,57531,4,"PR","PHRE","PHARMACOL REV"
"5368",130,57553,46,"PR","PHRE","PHYSIOL REV"
"5369",1752,59175,12,"PR","PHRE","PHYSIOL RES"
"5370",2228,59651,1,"PR","PHRE","PHYS REHABILITATION"
"5371",2445,59868,3,"PR","PHRE","PHYS REP"
"5372",2564,59987,1,"PR","PHRE","PHARMACOL REP"
"5373",3394,60817,1,"PR","PHRE","PHARMACOL RES"
"5374",5511,62934,1,"PR","PHRE","PHARMACOGN RES"
"5375",5814,63237,1,"PR","PHRE","PHARM RES-DORDR"
"5376",6536,63959,0,"PR","PHRE","PHYSIOL REP"
"5378",477,57900,114,"PR","PSRE","PSYCHOL REV"
"5379",1013,58436,33,"PR","PSRE","PSYCHOL REP"
"5380",1927,59350,1,"PR","PSRE","PSYCHIAT RES-NEUROIM"
"5381",2511,59934,9,"PR","PSRE","PSYCHIAT RES"
"5382",4279,61702,3,"PR","PSRE","PSYCHOL REC"
"5383",5020,62443,1,"PR","PSRE","PSIHOLOGIA RESURSELO"
"5398",172,57595,52,"PS","PHSP","PHYS SPORTSMED"
"5399",229,57652,178,"PS","PHSP","PHYSICIAN SPORTSMED"
"5400",4016,61439,1,"PS","PHSP","PHYSIOTHERAPY SPORT"
"5401",6840,64263,1,"PS","PHSP","PHSICIAN SPORTSMED"
"5414",1728,59151,51,"PS","PSSC","PSYCHOL SCI"
"5415",5053,62476,1,"PS","PSSC","PSYCHOL SCHOOLS"
"5419",31,57454,70,"PSB","PRSOBE","PROCD SOC BEHV"
"5420",1980,59403,2,"PSB","PRSOBE","PROCEDIA SOCIAL BEHA"
"5443",171,57594,172,"PT","PHTH","PHYS THER"
"5444",2405,59828,3,"PT","PHTH","PHARMACOL THERAPEUT"
"5491",1776,59199,25,"QJEP","QJEXPS","Q J EXP PSYCHOL"
"5492",2761,60184,11,"QJEP","QJEXPS","Q J EXP PSYCHOL-A"
"5503",377,57800,31,"QQ","QUQU","QUAL QUANT"
"5504",1157,58580,0,"QQ","QUQU","QUEENS QUART"
"5515",18,57441,75,"R","RA","RADIOLOGY"
"5516",3649,61072,17,"R","RA","RADIOGRAPHICS"
"5517",3933,61356,1,"R","RA","RADIOLOGE"
"5520",73,57496,48,"R","RE","RETOS"
"5521",90,57513,1,"R","RE","REHABILITAR"
"5522",1574,58997,1,"R","RE","REDIPE"
"5523",1582,59005,3,"R","RE","RELIEVE"
"5524",2177,59600,1,"R","RE","RESPIRATION"
"5525",2794,60217,3,"R","RE","RESUSCITATION"
"5526",3108,60531,1,"R","RE","RESEAUX"
"5527",3294,60717,1,"R","RE","REDIE"
"5528",3357,60780,7,"R","RE","REFEREE"
"5529",4027,61450,1,"R","RE","RECHTSMEDIZIN"
"5530",5282,62705,1,"R","RE","REMA"
"5531",5752,63175,1,"R","RE","REMEFE"
"5555",710,58133,15,"RAMD","REANMEDE","REV ANDAL MED DEPORTE"
"5556",1705,59128,1,"RAMD","REANMEDE","REV ANDALUZA MED DEP"
"5557",2005,59428,8,"RAMD","REANMEDE","REV ANDAL MED DEPORT"
"5565",405,57828,18,"RBC","REBRCI","REV BRASILEIRA CIENC"
"5566",1624,59047,4,"RBC","REBRCI","REV BRAS CINEANTROPO"
"5567",2693,60116,1,"RBC","REBRCI","REV BRASILENA CINEAN"
"5568",4186,61609,1,"RBC","REBRCI","REV BRASILEIRA CINEA"
"5570",2027,59450,19,"RBCDH","REBRCIDEHU","REV. BRAS. CINEANTROPOM. DESEMPENHO HUM."
"5571",2144,59567,19,"RBCDH","REBRCIDEHU","REV BRAS CIN DES HUM"
"5807",67,57490,34,"RNT","RENUTE","RETOS NUEVAS TENDENC"
"5808",2451,59874,6,"RNT","RENUTE","RETOS NUEVA TENDENCI"
"5845",74,57497,25,"RPD","REPSDE","REV PSICOLOGIA DEPOR"
"5846",375,57798,363,"RPD","REPSDE","REV PSICOL DEPORTE"
"5847",4315,61738,3,"RPD","REPSDE","REV PSICOL DEPORT"
"5848",6109,63532,1,"RPD","REPSDE","REV PSICOLOGIADEL DE"
"5878",64,57487,500,"RQES","REQEXSP","RES Q EXERCISE SPORT"
"5879",6041,63464,2,"RQES","REQEXSP","RES Q EXERC SPORT"
"5913",188,57611,226,"RSM","RESPME","RES SPORTS MED"
"5914",4189,61612,1,"RSM","RESPME","RES SPORT MED"
"5927",78,57501,24,"RTE","RETEED","RETOS-NUEV TEND EDUC"
"5928",1403,58826,1,"RTE","RETEED","REV TEORIA ED"
"5929",6108,63531,1,"RTE","RETEED","REV TEMAS EDUCACION"
"5943",27,57450,49,"S","SC","SCIENCE"
"5944",927,58350,3,"S","SC","SCIENTOMETRICS"
"5945",2048,59471,1,"S","SC","SCIENTIFICA"
"5946",2559,59982,1,"S","SC","SCIENTIFICWORLDJOURNAL"
"5947",3175,60598,1,"S","SC","SCIMED"
"5948",4488,61911,2,"S","SC","SCHMERZ"
"5949",5475,62898,1,"S","SC","SCIENCEASIA"
"5950",6104,63527,1,"S","SC","SCIENCES"
"5951",1060,58483,22,"S","SE","SENSORS-BASEL"
"5952",2591,60014,2,"S","SE","SETEMETROS"
"5953",3427,60850,1,"S","SE","SENSORS"
"5954",4512,61935,6,"S","SE","SELECCION"
"5964",217,57640,92,"S","SP","SPINE"
"5965",569,57992,1,"S","SP","SPORTWISSENSCAHFT"
"5966",736,58159,26,"S","SP","SPORTSCIENCE"
"5967",948,58371,2,"S","SP","SPORMETRE"
"5968",959,58382,25,"S","SP","SPORTS"
"5969",1286,58709,2,"S","SP","SPORTPHYSIO"
"5970",1580,59003,9,"S","SP","SPORTIS"
"5971",1629,59052,1,"S","SP","SPORTONOMICS"
"5972",1880,59303,1,"S","SP","SPSR"
"5973",1919,59342,8,"S","SP","SPORTSCI"
"5974",2906,60329,4,"S","SP","SPORT"
"5975",2909,60332,3,"S","SP","SPORTPADAGOGIK"
"5976",3136,60559,2,"S","SP","SPORTLOGIA"
"5977",3413,60836,12,"S","SP","SPORTWISSENSCHAFT"
"5978",3758,61181,1,"S","SP","SPORTPRAXIS"
"5979",3835,61258,7,"S","SP","SPORTUNTERRICHT"
"5980",5704,63127,1,"S","SP","SPORTTRAUMATOLOGIE"
"5981",6,57429,2,"S","ST","STADION"
"5982",1680,59103,7,"S","ST","STROKE"
"5983",1965,59388,13,"S","ST","STAPS"
"5984",2287,59710,5,"S","ST","STATISTICIAN"
"5985",2337,59760,1,"S","ST","STRESS"
"5986",2582,60005,5,"S","ST","STEROIDS"
"5987",5837,63260,2,"S","ST","STRABISMUS"
"6028",321,57744,222,"SB","SPBI","SPORT BIOMECH"
"6029",1035,58458,23,"SB","SPBI","SPORTS BIOMECH"
"6047",1413,58836,6,"SC","SPCO","SPINAL CORD"
"6048",1985,59408,13,"SC","SPCO","SPORTS COACH"
"6049",2537,59960,4,"SC","SPCO","SPORT COACH"
"6050",372,57795,67,"SC","STCO","STRENGTH COND"
"6051",3036,60459,1,"SC","STCO","STRUCTURE COMPETITIV"
"6062",2506,59929,19,"SCR","SPCORE","SPORTS COACH REV"
"6063",3291,60714,2,"SCR","SPCORE","SPORTS COACHING REV"
"6064",6747,64170,1,"SCR","SPCORE","SPORTS COACHING REVIEW"
"6072",187,57610,16,"SDJ","SWDEJ","SWISS DENT J"
"6073",824,58247,4,"SDJ","SWDEJ","SWED DENT J"
"6096",472,57895,146,"SES","SPEDSO","SPORT EDUC SOC"
"6097",2490,59913,4,"SES","SPEDSO","SPORT ED SOC"
"6100",883,58306,24,"SF","SCFO","SCI FOOTBALL"
"6101",1803,59226,1,"SF","SCFO","SCI FOOTBAL"
"6102",582,58005,18,"SF","SOFO","SOC FORCES"
"6103",4294,61717,2,"SF","SOFO","SOCIOL FORUM"
"6180",68,57491,3280,"SJMSS","SCJMESCSP","SCAND J MED SCI SPOR"
"6181",219,57642,2,"SJMSS","SCJMESCSP","SCAND J MED SCI SPORTS"
"6209",370,57793,18,"SJSS","SCJSPSC","SCAND J SPORTS SCI"
"6210",371,57794,5,"SJSS","SCJSPSC","SCAND J SPORT SCI"
"6211",128,57551,19,"SJSS","SEJSPSC","SERB J SPORTS SCI"
"6212",590,58013,27,"SJSS","SEJSPSC","SERBIAN J SPORTS SCI"
"6213",1266,58689,4,"SJSS","SEJSPSC","SERBIAN J SPORT SCI"
"6232",63,57486,2733,"SM","SPME","SPORTS MED"
"6233",230,57653,3,"SM","SPME","SPORT MED"
"6234",3726,61149,0,"SM","SPME","SPORTS MED-OPEN"
"6235",6125,63548,1,"SM","SPME","SPORTEX MED"
"6237",149,57572,37,"SM","STME","STAT MED"
"6238",3425,60848,1,"SM","STME","STOMATOL MEDITERR"
"6271",1317,58740,31,"SMR","SPMARE","SPORT MANAG REV"
"6272",2210,59633,3,"SMR","SPMARE","SPORT MANAGEMENT REV"
"6273",3745,61168,9,"SMR","SPMARE","SPORT MANAGEMENT REVIEW"
"6318",165,57588,298,"SP","SPPS","SPORT PSYCHOL"
"6319",5046,62469,1,"SP","SPPS","SPORTS PSYCHOL"
"6379",364,57787,104,"SS","SCSP","SCI SPORT"
"6380",1798,59221,12,"SS","SCSP","SCI SPORTS"
"6381",2365,59788,1,"SS","SCSP","SCIENCE SPORTS"
"6387",459,57882,35,"SS","SPSC","SPORT SCI"
"6388",906,58329,7,"SS","SPSC","SPORTS SCI"
"6389",3065,60488,11,"SS","SPSC","SPORT SCIENCE"
"6391",195,57618,241,"SS","SPSP","SPORTVERLETZ SPORTSC"
"6392",330,57753,6,"SS","SPSP","SPORTORTHOPADIE SPOR"
"6393",366,57789,42,"SS","SPSP","SPORTVERLETZ SPORTSCHADEN"
"6394",1095,58518,1,"SS","SPSP","SPORTV SPORTS"
"6395",1251,58674,1,"SS","SPSP","SPORARTZ SPORTMED"
"6396",1438,58861,1,"SS","SPSP","SPORTARZT SPORTMEDIZ"
"6397",1503,58926,1,"SS","SPSP","SPORTVERLETZTUNG SPO"
"6398",2503,59926,4,"SS","SPSP","SPECTRUM SPORTWISSEN"
"6399",2902,60325,5,"SS","SPSP","SPORTARZT SPORTMED"
"6400",4025,61448,3,"SS","SPSP","SPORTORTHOP SPORTTRA"
"6401",4191,61614,1,"SS","SPSP","SPORT SPA"
"6402",4280,61703,2,"SS","SPSP","SPORTORTHOPAADIE SPO"
"6403",4667,62090,1,"SS","SPSP","SPORT SPIRIT"
"6404",6557,63980,1,"SS","SPSP","SPORTVERL SPORTSCHAD"
"6419",650,58073,107,"SSJ","SOSPJ","SOCIOL SPORT J"
"6420",3791,61214,3,"SSJ","SOSPJ","SOCIOLOGY SPORT J"
"6531",470,57893,11,"TDE","TADEEX","TALENT DEV EXCELLENC"
"6532",1553,58976,16,"TDE","TADEEX","TALENT DEV EXCELL"
"6533",4076,61499,1,"TDE","TADEEX","TALENT DEV EXC"
"6534",4386,61809,2,"TDE","TADEEX","TALENT DEV EXCEL"
"6680",395,57818,17,"U","UN","UNFALLCHIRURG"
"6681",3822,61245,3,"U","UN","UNFALLHEILKUNDE"
"6682",4026,61449,3,"U","UN","UNFALLCHIRURGIE"
"6852",348,57771,24,"ZS","ZSP","Z SPORTPSYCHOL"
"6853",5670,63093,1,"ZS","ZSP","Z SPORTPADAGOGISCHE"
